
CREATE TABLE PRODUCTS (
	PRODUCT_ID Number(6), 
    TITLE Varchar2(50) NOT NULL, 
    DESCRIPTION Varchar2(200), 
    CONSTRAINT PRODUCTS_PK PRIMARY KEY (PRODUCT_ID)
);


CREATE TABLE PROD_OPTIONS (
    PROD_OPTION_ID Number(6), 
    OPTION_NAME Varchar2(50) NOT NULL,
    OPTION_VALUE Varchar2(50) NOT NULL,
    CONSTRAINT PROP_PK PRIMARY KEY (PROD_OPTION_ID)
);

CREATE TABLE SUBCATEGORIES (
    SUBCATEGORY_ID Number(6), 
    DESCRIPTION Varchar2(60) NOT NULL, 
    CONSTRAINT SUBCATEGORIES_PK PRIMARY KEY (SUBCATEGORY_ID)
);

CREATE TABLE SUB_OPTIONS (
    SUB_OPTION_ID Number(6), 
    SUBCATEGORY_ID Number(6) NOT NULL, 
    PROD_OPTION_ID Number(6) NOT NULL, 
    CONSTRAINT SUOP_PK PRIMARY KEY (SUB_OPTION_ID),
    CONSTRAINT SUBC_SUOP_FK FOREIGN KEY (SUBCATEGORY_ID) REFERENCES SUBCATEGORIES(SUBCATEGORY_ID),
    CONSTRAINT PROP_SUOP_FK FOREIGN KEY (PROD_OPTION_ID) REFERENCES PROD_OPTIONS(PROD_OPTION_ID)
);

CREATE TABLE CATEGORIES (
    CATEGORY_ID Number(6), 
    DESCRIPTION Varchar2(60) NOT NULL,
    SUBCATEGORY_ID Number(6), 
    CONSTRAINT CATEGORIES_PK PRIMARY KEY (CATEGORY_ID),
    CONSTRAINT SUBC_CATE_FK FOREIGN KEY (SUBCATEGORY_ID) REFERENCES SUBCATEGORIES(SUBCATEGORY_ID)
);

CREATE TABLE CAT_OPTIONS (
    CAT_OPTION_ID Number(6), 
    CATEGORY_ID Number(6) NOT NULL, 
    PROD_OPTION_ID Number(6) NOT NULL, 
    CONSTRAINT CAOP_PK PRIMARY KEY (CAT_OPTION_ID),
    CONSTRAINT CATE_CAOP_FK FOREIGN KEY (CATEGORY_ID) REFERENCES CATEGORIES(CATEGORY_ID),
    CONSTRAINT PROP_CAOP_FK FOREIGN KEY (PROD_OPTION_ID) REFERENCES PROD_OPTIONS(PROD_OPTION_ID)
);

CREATE TABLE PROD_CATEGORIES (
    PROD_CATEGORY_ID Number(6),
    PRODUCT_ID Number(6) NOT NULL,
    CATEGORY_ID Number(6) NOT NULL, 
    CONSTRAINT PRCA_PK PRIMARY KEY (PROD_CATEGORY_ID),
    CONSTRAINT PROD_PRCA_FK FOREIGN KEY (PRODUCT_ID) REFERENCES PRODUCTS(PRODUCT_ID),
    CONSTRAINT CATE_PRCA_FK FOREIGN KEY (CATEGORY_ID) REFERENCES CATEGORIES(CATEGORY_ID)
);

CREATE TABLE PROD_VARIATIONS (
    PROD_VARIATION_ID Number(6),
    PRODUCT_ID Number(6) NOT NULL,
    PRICE Number(6, 2),
    PROD_OPTION_ID Number(6) NOT NULL, 
    CUST_OPT_NAME Varchar2(50),
    CUST_OPT_VALUE Varchar2(50),
    CONSTRAINT PRVA_PK PRIMARY KEY (PROD_VARIATION_ID),
    CONSTRAINT PROD_PRVA_FK FOREIGN KEY (PRODUCT_ID) REFERENCES PRODUCTS(PRODUCT_ID),
    CONSTRAINT PROP_PRVA_FK FOREIGN KEY (PROD_OPTION_ID) REFERENCES PROD_OPTIONS(PROD_OPTION_ID)
);

-- Data
INSERT INTO PRODUCTS VALUES (1, 'Laptop', 'Description for Laptop');
INSERT INTO PRODUCTS VALUES (2, 'Chair', 'Description for Chair');
INSERT INTO PRODUCTS VALUES (3, 'Table', 'Description for Table');
INSERT INTO PRODUCTS VALUES (4, 'Phone', 'Description for Phone');
INSERT INTO PRODUCTS VALUES (5, 'Camera', 'Description for Camera');
INSERT INTO PRODUCTS VALUES (6, 'Shoes', 'Description for Shoes');
INSERT INTO PRODUCTS VALUES (7, 'Guitar', 'Description for Guitar');
INSERT INTO PRODUCTS VALUES (8, 'Watch', 'Description for Watch');
INSERT INTO PRODUCTS VALUES (9, 'Headphones', 'Description for Headphones');
INSERT INTO PRODUCTS VALUES (10, 'Book', 'Description for Book');

INSERT INTO PROD_OPTIONS VALUES (1, 'Processor', 'Intel Core i7');
INSERT INTO PROD_OPTIONS VALUES (2, 'RAM', '16GB');
INSERT INTO PROD_OPTIONS VALUES (3, 'Storage', '512GB SSD');
INSERT INTO PROD_OPTIONS VALUES (4, 'Material', 'Wood');
INSERT INTO PROD_OPTIONS VALUES (5, 'Color', 'Red');
INSERT INTO PROD_OPTIONS VALUES (6, 'Style', 'Armchair');
INSERT INTO PROD_OPTIONS VALUES (7, 'Material', 'Wood');
INSERT INTO PROD_OPTIONS VALUES (8, 'Color', 'Brown');
INSERT INTO PROD_OPTIONS VALUES (9, 'Operating System', 'Android');
INSERT INTO PROD_OPTIONS VALUES (10, 'Storage', '128GB');
INSERT INTO PROD_OPTIONS VALUES (11, 'Screen Size', '6.2 inches');
INSERT INTO PROD_OPTIONS VALUES (12, 'Resolution', '20MP');
INSERT INTO PROD_OPTIONS VALUES (13, 'Sensor Type', 'CMOS');
INSERT INTO PROD_OPTIONS VALUES (14, 'Material', 'Leather');
INSERT INTO PROD_OPTIONS VALUES (15, 'Size', '10');
INSERT INTO PROD_OPTIONS VALUES (16, 'Type', 'Electric Guitar');
INSERT INTO PROD_OPTIONS VALUES (17, 'Color', 'Sunburst');
INSERT INTO PROD_OPTIONS VALUES (18, 'Number of Strings', '6');
INSERT INTO PROD_OPTIONS VALUES (19, 'Style', 'Analog');
INSERT INTO PROD_OPTIONS VALUES (20, 'Water Resistance', '30 meters');
INSERT INTO PROD_OPTIONS VALUES (21, 'Type', 'Over-Ear');
INSERT INTO PROD_OPTIONS VALUES (22, 'Color', 'Black');
INSERT INTO PROD_OPTIONS VALUES (23, 'Wireless', 'Bluetooth 5.0');
INSERT INTO PROD_OPTIONS VALUES (24, 'Genre', 'Fiction');
INSERT INTO PROD_OPTIONS VALUES (25, 'Author', 'John Doe');
INSERT INTO PROD_OPTIONS VALUES (26, 'Processor', 'Intel Core i9');
INSERT INTO PROD_OPTIONS VALUES (27, 'RAM', '32GB');
INSERT INTO PROD_OPTIONS VALUES (28, 'Storage', '1TB NVMe SSD');
INSERT INTO PROD_OPTIONS VALUES (29, 'Material', 'Oak Wood');
INSERT INTO PROD_OPTIONS VALUES (30, 'Color', 'Blue');
INSERT INTO PROD_OPTIONS VALUES (31, 'Style', 'Recliner');
INSERT INTO PROD_OPTIONS VALUES (32, 'Material', 'Metal');
INSERT INTO PROD_OPTIONS VALUES (33, 'Color', 'Silver');
INSERT INTO PROD_OPTIONS VALUES (34, 'Operating System', 'iOS 15');
INSERT INTO PROD_OPTIONS VALUES (35, 'Storage', '256GB');
INSERT INTO PROD_OPTIONS VALUES (36, 'Screen Size', '6.7 inches');
INSERT INTO PROD_OPTIONS VALUES (37, 'Resolution', '24MP');
INSERT INTO PROD_OPTIONS VALUES (38, 'Sensor Type', 'CMOS');
INSERT INTO PROD_OPTIONS VALUES (39, 'Material', 'Leather');
INSERT INTO PROD_OPTIONS VALUES (40, 'Size', '12');
INSERT INTO PROD_OPTIONS VALUES (41, 'Type', 'Electric Guitar');
INSERT INTO PROD_OPTIONS VALUES (42, 'Color', 'Sunburst');
INSERT INTO PROD_OPTIONS VALUES (43, 'Number of Strings', '7');
INSERT INTO PROD_OPTIONS VALUES (44, 'Style', 'Analog');
INSERT INTO PROD_OPTIONS VALUES (45, 'Water Resistance', '50 meters');
INSERT INTO PROD_OPTIONS VALUES (46, 'Type', 'Over-Ear');
INSERT INTO PROD_OPTIONS VALUES (47, 'Color', 'Black');
INSERT INTO PROD_OPTIONS VALUES (48, 'Wireless', 'Bluetooth 5.2');
INSERT INTO PROD_OPTIONS VALUES (49, 'Genre', 'Science Fiction');
INSERT INTO PROD_OPTIONS VALUES (50, 'Author', 'Jane Smith');

INSERT INTO SUBCATEGORIES VALUES (1, 'Laptop Accessories');
INSERT INTO SUBCATEGORIES VALUES (2, 'Furniture Accessories');
INSERT INTO SUBCATEGORIES VALUES (3, 'Phone Accessories');
INSERT INTO SUBCATEGORIES VALUES (4, 'Camera Accessories');
INSERT INTO SUBCATEGORIES VALUES (5, 'Footwear Accessories');
INSERT INTO SUBCATEGORIES VALUES (6, 'Musical Instrument Accessories');
INSERT INTO SUBCATEGORIES VALUES (7, 'Watch Accessories');
INSERT INTO SUBCATEGORIES VALUES (8, 'Audio Accessories');
INSERT INTO SUBCATEGORIES VALUES (9, 'Book Accessories');
INSERT INTO SUBCATEGORIES VALUES (10, 'Male');

INSERT INTO CATEGORIES VALUES (1, 'Eletronics', 1);
INSERT INTO CATEGORIES VALUES (2, 'Furniture', 2);
INSERT INTO CATEGORIES VALUES (3, 'Furniture', 2);
INSERT INTO CATEGORIES VALUES (4, 'Phones', 3);
INSERT INTO CATEGORIES VALUES (5, 'Cameras', 4);
INSERT INTO CATEGORIES VALUES (6, 'Shoes', 5);
INSERT INTO CATEGORIES VALUES (7, 'Musical Instrument', 6);
INSERT INTO CATEGORIES VALUES (8, 'Watches', 7);
INSERT INTO CATEGORIES VALUES (9, 'Headphones', 8);
INSERT INTO CATEGORIES VALUES (10, 'Books', 9);
INSERT INTO CATEGORIES VALUES (11, 'Shoes', 10);
INSERT INTO CATEGORIES VALUES (12, 'Eletronics', 3);

INSERT INTO SUB_OPTIONS VALUES (1, 1, 11);
INSERT INTO SUB_OPTIONS VALUES (2, 2, 12);
INSERT INTO SUB_OPTIONS VALUES (3, 2, 13);
INSERT INTO SUB_OPTIONS VALUES (4, 3, 14);
INSERT INTO SUB_OPTIONS VALUES (5, 3, 15);
INSERT INTO SUB_OPTIONS VALUES (6, 4, 16);
INSERT INTO SUB_OPTIONS VALUES (7, 4, 17);
INSERT INTO SUB_OPTIONS VALUES (8, 5, 18);
INSERT INTO SUB_OPTIONS VALUES (9, 5, 19);
INSERT INTO SUB_OPTIONS VALUES (10, 6, 20);
INSERT INTO SUB_OPTIONS VALUES (26, 4, 26);
INSERT INTO SUB_OPTIONS VALUES (27, 5, 27);
INSERT INTO SUB_OPTIONS VALUES (28, 5, 28);
INSERT INTO SUB_OPTIONS VALUES (29, 6, 29);
INSERT INTO SUB_OPTIONS VALUES (30, 6, 30);
INSERT INTO SUB_OPTIONS VALUES (31, 7, 42);
INSERT INTO SUB_OPTIONS VALUES (32, 7, 43);
INSERT INTO SUB_OPTIONS VALUES (33, 8, 44);
INSERT INTO SUB_OPTIONS VALUES (34, 8, 45);
INSERT INTO SUB_OPTIONS VALUES (35, 9, 46);
INSERT INTO SUB_OPTIONS VALUES (36, 9, 47);
INSERT INTO SUB_OPTIONS VALUES (37, 1, 50);

INSERT INTO CAT_OPTIONS VALUES (1, 1, 1);
INSERT INTO CAT_OPTIONS VALUES (2, 1, 2);
INSERT INTO CAT_OPTIONS VALUES (3, 1, 3);
INSERT INTO CAT_OPTIONS VALUES (4, 2, 4);
INSERT INTO CAT_OPTIONS VALUES (5, 2, 5);
INSERT INTO CAT_OPTIONS VALUES (6, 2, 6);
INSERT INTO CAT_OPTIONS VALUES (7, 2, 7);
INSERT INTO CAT_OPTIONS VALUES (8, 2, 8);
INSERT INTO CAT_OPTIONS VALUES (9, 3, 9);
INSERT INTO CAT_OPTIONS VALUES (10, 3, 10);
INSERT INTO CAT_OPTIONS VALUES (26, 3, 21);
INSERT INTO CAT_OPTIONS VALUES (27, 3, 22);
INSERT INTO CAT_OPTIONS VALUES (28, 4, 23);
INSERT INTO CAT_OPTIONS VALUES (29, 5, 24);
INSERT INTO CAT_OPTIONS VALUES (30, 5, 25);
INSERT INTO CAT_OPTIONS VALUES (31, 4, 31);
INSERT INTO CAT_OPTIONS VALUES (32, 5, 32);
INSERT INTO CAT_OPTIONS VALUES (33, 5, 33);
INSERT INTO CAT_OPTIONS VALUES (34, 6, 34);
INSERT INTO CAT_OPTIONS VALUES (35, 6, 35);
INSERT INTO CAT_OPTIONS VALUES (36, 7, 36);
INSERT INTO CAT_OPTIONS VALUES (37, 7, 37);
INSERT INTO CAT_OPTIONS VALUES (38, 8, 38);
INSERT INTO CAT_OPTIONS VALUES (39, 8, 39);
INSERT INTO CAT_OPTIONS VALUES (40, 9, 40);
INSERT INTO CAT_OPTIONS VALUES (41, 9, 41);
INSERT INTO CAT_OPTIONS VALUES (42, 9, 48);
INSERT INTO CAT_OPTIONS VALUES (43, 10, 49);

INSERT INTO PROD_CATEGORIES VALUES (1, 6, 6);
INSERT INTO PROD_CATEGORIES VALUES (2, 6, 11);
INSERT INTO PROD_CATEGORIES VALUES (3, 4, 4);
INSERT INTO PROD_CATEGORIES VALUES (4, 4, 12);

INSERT INTO PROD_VARIATIONS VALUES (1, 6, NULL, 15, NULL, NULL); -- shoes size 10
INSERT INTO PROD_VARIATIONS VALUES (2, 6, NULL, 40, NULL, NULL); --shoes size 12
INSERT INTO PROD_VARIATIONS VALUES (3, 6, 150.50, 30, NULL, NULL); -- blue shoes
INSERT INTO PROD_VARIATIONS VALUES (4, 6, 160.50, 47, NULL, NULL); -- black shoes
INSERT INTO PROD_VARIATIONS VALUES (5, 4, 699.99, 10, NULL, NULL); -- Phone with 128GB Storage
INSERT INTO PROD_VARIATIONS VALUES (6, 4, 799.99, 28, NULL, NULL); -- Phone with 256GB Storage
INSERT INTO PROD_VARIATIONS VALUES (7, 4, 699.99, 22, NULL, NULL); -- Phone in Black Color
INSERT INTO PROD_VARIATIONS VALUES (8, 4, 699.99, 33, NULL, NULL); -- Phone in Silver Color